CURR_STD_YM,GRAD_STATUS,GRAD_MOVEMENT,CURR_GRAD_GB,CURR_NLINE_MEM_GRAD_CD,CURR_NLINE_MEM_GRAD_NM,PREV_GRAD_GB,PREV_NLINE_MEM_GRAD_CD,PREV_NLINE_MEM_GRAD_NM,CUST_CNT,MAU,DAU
202501,유입,승급,VIP,BK,Black,일반,PP,Purple,4264,3771,1702
202501,유입,승급,VIP,BK,Black,일반,RD,Red,1287,955,254
202501,유입,승급,VIP,GD,Gold,VIP,BK,Black,29,25,11
202501,유입,승급,VIP,GD,Gold,VIP,SV,Silver,781,601,330
202501,유입,승급,VIP,GD,Gold,일반,PP,Purple,17,15,6
202501,유입,승급,VIP,GD,Gold,일반,RD,Red,43,37,8
202501,유입,승급,VIP,PT,Platinum,VIP,BK,Black,2,2,2
202501,유입,승급,VIP,PT,Platinum,VIP,GD,Gold,834,543,261
202501,유입,승급,VIP,PT,Platinum,VIP,SV,Silver,1,1,1
202501,유입,승급,VIP,PT,Platinum,일반,RD,Red,14,12,2
202501,유입,승급,VIP,SP,S-Platinum,VIP,GD,Gold,23,18,12
202501,유입,승급,VIP,SP,S-Platinum,VIP,PT,Platinum,34,26,15
202501,유입,승급,VIP,SP,S-Platinum,VIP,SV,Silver,1,1,1
202501,유입,승급,VIP,SP,S-Platinum,일반,RD,Red,1,1,1
202501,유입,승급,VIP,SV,Silver,VIP,BK,Black,1969,1654,849
202501,유입,승급,VIP,SV,Silver,일반,PP,Purple,208,168,71
202501,유입,승급,VIP,SV,Silver,일반,RD,Red,228,172,40
202501,유입,승급,일반,PP,Purple,일반,RD,Red,15957,13448,4089
202501,유입,하락,VIP,BK,Black,VIP,GD,Gold,48,35,10
202501,유입,하락,VIP,BK,Black,VIP,PT,Platinum,47,30,8
202501,유입,하락,VIP,BK,Black,VIP,SP,S-Platinum,7,6,2
202501,유입,하락,VIP,BK,Black,VIP,SV,Silver,2002,1538,626
202501,유입,하락,VIP,GD,Gold,VIP,PT,Platinum,554,336,132
202501,유입,하락,VIP,GD,Gold,VIP,SP,S-Platinum,7,4,1
202501,유입,하락,VIP,PT,Platinum,VIP,SP,S-Platinum,38,32,19
202501,유입,하락,VIP,SV,Silver,VIP,GD,Gold,814,602,252
202501,유입,하락,VIP,SV,Silver,VIP,PT,Platinum,118,67,24
202501,유입,하락,VIP,SV,Silver,VIP,SP,S-Platinum,7,4,1
202501,유입,하락,일반,PP,Purple,VIP,BK,Black,4488,3440,1213
202501,유입,하락,일반,PP,Purple,VIP,GD,Gold,10,8,2
202501,유입,하락,일반,PP,Purple,VIP,PT,Platinum,46,19,5
202501,유입,하락,일반,PP,Purple,VIP,SP,S-Platinum,3,2,1
202501,유입,하락,일반,PP,Purple,VIP,SV,Silver,257,164,44
202501,유입,하락,일반,RD,Red,VIP,BK,Black,1279,564,112
202501,유입,하락,일반,RD,Red,VIP,GD,Gold,11,2,1
202501,유입,하락,일반,RD,Red,VIP,PT,Platinum,59,13,2
202501,유입,하락,일반,RD,Red,VIP,SV,Silver,156,71,13
202501,유입,하락,일반,RD,Red,일반,PP,Purple,15740,8613,2151
202501,유지,-,VIP,BK,Black,VIP,BK,Black,30873,21913,8624
202501,유지,-,VIP,GD,Gold,VIP,GD,Gold,5343,3868,1888
202501,유지,-,VIP,PT,Platinum,VIP,PT,Platinum,885,530,221
202501,유지,-,VIP,SP,S-Platinum,VIP,SP,S-Platinum,49,38,23
202501,유지,-,VIP,SV,Silver,VIP,SV,Silver,13410,10079,4710
202501,유지,-,일반,PP,Purple,일반,PP,Purple,117974,72676,21736
202501,유지,-,일반,RD,Red,일반,RD,Red,2984025,495856,70511
202502,유입,승급,VIP,BK,Black,일반,PP,Purple,3586,3135,1395
202502,유입,승급,VIP,BK,Black,일반,RD,Red,968,707,199
202502,유입,승급,VIP,GD,Gold,VIP,BK,Black,25,21,11
202502,유입,승급,VIP,GD,Gold,VIP,SV,Silver,666,508,275
202502,유입,승급,VIP,GD,Gold,일반,PP,Purple,7,3,2
202502,유입,승급,VIP,GD,Gold,일반,RD,Red,41,37,6
202502,유입,승급,VIP,PT,Platinum,일반,RD,Red,20,18,3
202502,유입,승급,VIP,SV,Silver,VIP,BK,Black,1590,1332,688
202502,유입,승급,VIP,SV,Silver,일반,PP,Purple,147,103,46
202502,유입,승급,VIP,SV,Silver,일반,RD,Red,174,117,24
202502,유입,승급,일반,PP,Purple,일반,RD,Red,13066,10753,3239
202502,유입,하락,VIP,BK,Black,VIP,GD,Gold,40,29,9
202502,유입,하락,VIP,BK,Black,VIP,SV,Silver,1661,1224,478
202502,유입,하락,VIP,SV,Silver,VIP,GD,Gold,682,474,203
202502,유입,하락,일반,PP,Purple,VIP,BK,Black,3655,2757,943
202502,유입,하락,일반,PP,Purple,VIP,GD,Gold,15,7,3
202502,유입,하락,일반,PP,Purple,VIP,SV,Silver,176,117,31
202502,유입,하락,일반,RD,Red,VIP,BK,Black,752,315,61
202502,유입,하락,일반,RD,Red,VIP,GD,Gold,9,2,1
202502,유입,하락,일반,RD,Red,VIP,SV,Silver,86,38,9
202502,유입,하락,일반,RD,Red,일반,PP,Purple,12042,6573,1605
202502,유지,-,VIP,BK,Black,VIP,BK,Black,32497,22314,8203
202502,유지,-,VIP,GD,Gold,VIP,GD,Gold,6027,4196,1927
202502,유지,-,VIP,PT,Platinum,VIP,PT,Platinum,1770,1097,466
202502,유지,-,VIP,SP,S-Platinum,VIP,SP,S-Platinum,108,81,47
202502,유지,-,VIP,SV,Silver,VIP,SV,Silver,14164,10372,4532
202502,유지,-,일반,PP,Purple,일반,PP,Purple,122934,72088,20215
202502,유지,-,일반,RD,Red,일반,RD,Red,3034845,454652,62811
202503,유입,승급,VIP,BK,Black,일반,PP,Purple,3447,2936,1341
202503,유입,승급,VIP,BK,Black,일반,RD,Red,891,645,178
202503,유입,승급,VIP,GD,Gold,VIP,BK,Black,24,21,11
202503,유입,승급,VIP,GD,Gold,VIP,SV,Silver,616,462,231
202503,유입,승급,VIP,GD,Gold,일반,PP,Purple,5,5,3
202503,유입,승급,VIP,GD,Gold,일반,RD,Red,49,45,9
202503,유입,승급,VIP,PT,Platinum,일반,RD,Red,25,22,4
202503,유입,승급,VIP,SV,Silver,VIP,BK,Black,1561,1293,674
202503,유입,승급,VIP,SV,Silver,일반,PP,Purple,123,89,40
202503,유입,승급,VIP,SV,Silver,일반,RD,Red,158,127,31
202503,유입,승급,일반,PP,Purple,일반,RD,Red,12220,9928,3148
202503,유입,하락,VIP,BK,Black,VIP,GD,Gold,25,9,3
202503,유입,하락,VIP,BK,Black,VIP,SV,Silver,1692,1225,493
202503,유입,하락,VIP,SV,Silver,VIP,GD,Gold,651,459,204
202503,유입,하락,일반,PP,Purple,VIP,BK,Black,3689,2732,981
202503,유입,하락,일반,PP,Purple,VIP,GD,Gold,4,3,1
202503,유입,하락,일반,PP,Purple,VIP,SV,Silver,166,83,21
202503,유입,하락,일반,RD,Red,VIP,BK,Black,789,299,60
202503,유입,하락,일반,RD,Red,VIP,GD,Gold,8,5,1
202503,유입,하락,일반,RD,Red,VIP,SV,Silver,83,34,5
202503,유입,하락,일반,RD,Red,일반,PP,Purple,12460,6552,1685
202503,유지,-,VIP,BK,Black,VIP,BK,Black,32685,22110,8383
202503,유지,-,VIP,GD,Gold,VIP,GD,Gold,6077,4218,2012
202503,유지,-,VIP,PT,Platinum,VIP,PT,Platinum,1788,1101,470
202503,유지,-,VIP,SP,S-Platinum,VIP,SP,S-Platinum,108,82,50
202503,유지,-,VIP,SV,Silver,VIP,SV,Silver,14199,10311,4672
202503,유지,-,일반,PP,Purple,일반,PP,Purple,123786,70564,20615
202503,유지,-,일반,RD,Red,일반,RD,Red,3077732,425848,62737
202504,유입,승급,VIP,BK,Black,일반,PP,Purple,3696,3163,1432
202504,유입,승급,VIP,BK,Black,일반,RD,Red,890,590,140
202504,유입,승급,VIP,GD,Gold,VIP,BK,Black,27,15,9
202504,유입,승급,VIP,GD,Gold,VIP,SV,Silver,590,462,244
202504,유입,승급,VIP,GD,Gold,일반,PP,Purple,8,6,2
202504,유입,승급,VIP,GD,Gold,일반,RD,Red,49,37,3
202504,유입,승급,VIP,PT,Platinum,일반,RD,Red,13,11,2
202504,유입,승급,VIP,SP,S-Platinum,일반,RD,Red,1,1,1
202504,유입,승급,VIP,SV,Silver,VIP,BK,Black,1679,1381,697
202504,유입,승급,VIP,SV,Silver,일반,PP,Purple,115,86,35
202504,유입,승급,VIP,SV,Silver,일반,RD,Red,149,117,19
202504,유입,승급,일반,PP,Purple,일반,RD,Red,13049,10583,3275
202504,유입,하락,VIP,BK,Black,VIP,GD,Gold,26,11,2
202504,유입,하락,VIP,BK,Black,VIP,SV,Silver,1961,1423,561
202504,유입,하락,VIP,SV,Silver,VIP,GD,Gold,757,530,220
202504,유입,하락,일반,PP,Purple,VIP,BK,Black,4218,3145,1104
202504,유입,하락,일반,PP,Purple,VIP,GD,Gold,2,1,1
202504,유입,하락,일반,PP,Purple,VIP,SV,Silver,225,115,35
202504,유입,하락,일반,RD,Red,VIP,BK,Black,1014,380,75
202504,유입,하락,일반,RD,Red,VIP,GD,Gold,6,2,1
202504,유입,하락,일반,RD,Red,VIP,SV,Silver,77,33,5
202504,유입,하락,일반,RD,Red,일반,PP,Purple,14814,7971,1946
202504,유지,-,VIP,BK,Black,VIP,BK,Black,31798,22193,8589
202504,유지,-,VIP,GD,Gold,VIP,GD,Gold,5979,4222,2027
202504,유지,-,VIP,PT,Platinum,VIP,PT,Platinum,1813,1113,486
202504,유지,-,VIP,SP,S-Platinum,VIP,SP,S-Platinum,107,81,51
202504,유지,-,VIP,SV,Silver,VIP,SV,Silver,13838,10308,4780
202504,유지,-,일반,PP,Purple,일반,PP,Purple,121212,72074,21235
202504,유지,-,일반,RD,Red,일반,RD,Red,3132401,472905,66754
202505,유입,승급,VIP,BK,Black,일반,PP,Purple,3800,3221,1459
202505,유입,승급,VIP,BK,Black,일반,RD,Red,811,555,133
202505,유입,승급,VIP,GD,Gold,VIP,BK,Black,21,14,6
202505,유입,승급,VIP,GD,Gold,VIP,SV,Silver,620,456,244
202505,유입,승급,VIP,GD,Gold,일반,PP,Purple,6,4,2
202505,유입,승급,VIP,GD,Gold,일반,RD,Red,48,42,6
202505,유입,승급,VIP,PT,Platinum,일반,RD,Red,12,10,1
202505,유입,승급,VIP,SP,S-Platinum,일반,RD,Red,1,1,1
202505,유입,승급,VIP,SV,Silver,VIP,BK,Black,1747,1378,696
202505,유입,승급,VIP,SV,Silver,일반,PP,Purple,102,65,26
202505,유입,승급,VIP,SV,Silver,일반,RD,Red,146,103,20
202505,유입,승급,일반,PP,Purple,일반,RD,Red,13204,10684,3348
202505,유입,하락,VIP,BK,Black,VIP,GD,Gold,33,18,7
202505,유입,하락,VIP,BK,Black,VIP,SV,Silver,2008,1467,577
202505,유입,하락,VIP,SV,Silver,VIP,GD,Gold,806,572,243
202505,유입,하락,일반,PP,Purple,VIP,BK,Black,4385,3235,1165
202505,유입,하락,일반,PP,Purple,VIP,GD,Gold,4,3,2
202505,유입,하락,일반,PP,Purple,VIP,SV,Silver,183,97,25
202505,유입,하락,일반,RD,Red,VIP,BK,Black,843,289,53
202505,유입,하락,일반,RD,Red,VIP,GD,Gold,4,3,1
202505,유입,하락,일반,RD,Red,VIP,SV,Silver,80,30,5
202505,유입,하락,일반,RD,Red,일반,PP,Purple,14493,7833,1919
202505,유지,-,VIP,BK,Black,VIP,BK,Black,31339,22005,8666
202505,유지,-,VIP,GD,Gold,VIP,GD,Gold,5801,4091,1992
202505,유지,-,VIP,PT,Platinum,VIP,PT,Platinum,1825,1100,472
202505,유지,-,VIP,SP,S-Platinum,VIP,SP,S-Platinum,105,78,45
202505,유지,-,VIP,SV,Silver,VIP,SV,Silver,13635,10213,4814
202505,유지,-,일반,PP,Purple,일반,PP,Purple,120180,71517,21557
202505,유지,-,일반,RD,Red,일반,RD,Red,3181501,464944,66787
202506,유입,승급,VIP,BK,Black,일반,PP,Purple,3825,3183,1378
202506,유입,승급,VIP,BK,Black,일반,RD,Red,772,519,126
202506,유입,승급,VIP,GD,Gold,VIP,BK,Black,14,11,4
202506,유입,승급,VIP,GD,Gold,VIP,SV,Silver,632,463,241
202506,유입,승급,VIP,GD,Gold,일반,PP,Purple,6,6,3
202506,유입,승급,VIP,GD,Gold,일반,RD,Red,45,41,6
202506,유입,승급,VIP,PT,Platinum,일반,RD,Red,6,4,1
202506,유입,승급,VIP,SV,Silver,VIP,BK,Black,1672,1346,671
202506,유입,승급,VIP,SV,Silver,일반,PP,Purple,108,76,28
202506,유입,승급,VIP,SV,Silver,일반,RD,Red,117,87,15
202506,유입,승급,일반,PP,Purple,일반,RD,Red,13181,10332,3098
202506,유입,하락,VIP,BK,Black,VIP,GD,Gold,24,9,2
202506,유입,하락,VIP,BK,Black,VIP,SV,Silver,1897,1352,528
202506,유입,하락,VIP,SV,Silver,VIP,GD,Gold,701,485,201
202506,유입,하락,일반,PP,Purple,VIP,BK,Black,4095,3003,1005
202506,유입,하락,일반,PP,Purple,VIP,GD,Gold,5,4,1
202506,유입,하락,일반,PP,Purple,VIP,SV,Silver,137,71,14
202506,유입,하락,일반,RD,Red,VIP,BK,Black,669,228,37
202506,유입,하락,일반,RD,Red,VIP,GD,Gold,3,2,1
202506,유입,하락,일반,RD,Red,VIP,SV,Silver,74,25,7
202506,유입,하락,일반,RD,Red,일반,PP,Purple,13619,7284,1736
202506,유지,-,VIP,BK,Black,VIP,BK,Black,31536,21977,8359
202506,유지,-,VIP,GD,Gold,VIP,GD,Gold,5762,4019,1922
202506,유지,-,VIP,PT,Platinum,VIP,PT,Platinum,1837,1075,442
202506,유지,-,VIP,SP,S-Platinum,VIP,SP,S-Platinum,105,76,43
202506,유지,-,VIP,SV,Silver,VIP,SV,Silver,13694,10214,4624
202506,유지,-,일반,PP,Purple,일반,PP,Purple,120370,71498,20635
202506,유지,-,일반,RD,Red,일반,RD,Red,3234260,470034,64528
202507,유입,승급,VIP,BK,Black,일반,PP,Purple,3458,2985,1330
202507,유입,승급,VIP,BK,Black,일반,RD,Red,530,380,86
202507,유입,승급,VIP,GD,Gold,VIP,BK,Black,10,8,4
202507,유입,승급,VIP,GD,Gold,VIP,SV,Silver,540,409,222
202507,유입,승급,VIP,GD,Gold,일반,PP,Purple,5,3,2
202507,유입,승급,VIP,GD,Gold,일반,RD,Red,49,36,6
202507,유입,승급,VIP,PT,Platinum,일반,RD,Red,7,7,1
202507,유입,승급,VIP,SP,S-Platinum,일반,RD,Red,2,2,1
202507,유입,승급,VIP,SV,Silver,VIP,BK,Black,1500,1231,625
202507,유입,승급,VIP,SV,Silver,일반,PP,Purple,79,59,26
202507,유입,승급,VIP,SV,Silver,일반,RD,Red,121,96,16
202507,유입,승급,일반,PP,Purple,일반,RD,Red,11374,9326,2874
202507,유입,하락,VIP,BK,Black,VIP,GD,Gold,12,5,1
202507,유입,하락,VIP,BK,Black,VIP,SV,Silver,1703,1262,487
202507,유입,하락,VIP,SV,Silver,VIP,GD,Gold,635,446,197
202507,유입,하락,일반,PP,Purple,VIP,BK,Black,3898,2888,976
202507,유입,하락,일반,PP,Purple,VIP,GD,Gold,8,6,1
202507,유입,하락,일반,PP,Purple,VIP,SV,Silver,117,59,14
202507,유입,하락,일반,RD,Red,VIP,BK,Black,488,162,30
202507,유입,하락,일반,RD,Red,VIP,GD,Gold,4,3,1
202507,유입,하락,일반,RD,Red,VIP,SV,Silver,62,19,3
202507,유입,하락,일반,RD,Red,일반,PP,Purple,12277,6767,1694
202507,유지,-,VIP,BK,Black,VIP,BK,Black,32154,22209,8281
202507,유지,-,VIP,GD,Gold,VIP,GD,Gold,5800,4010,1915
202507,유지,-,VIP,PT,Platinum,VIP,PT,Platinum,1842,1053,436
202507,유지,-,VIP,SP,S-Platinum,VIP,SP,S-Platinum,105,71,40
202507,유지,-,VIP,SV,Silver,VIP,SV,Silver,13865,10281,4603
202507,유지,-,일반,PP,Purple,일반,PP,Purple,121945,71309,20366
202507,유지,-,일반,RD,Red,일반,RD,Red,3289075,477481,66251
202508,유입,승급,VIP,BK,Black,일반,PP,Purple,2827,2434,1063
202508,유입,승급,VIP,BK,Black,일반,RD,Red,419,319,66
202508,유입,승급,VIP,GD,Gold,VIP,BK,Black,11,5,2
202508,유입,승급,VIP,GD,Gold,VIP,SV,Silver,494,372,205
202508,유입,승급,VIP,GD,Gold,일반,PP,Purple,4,4,1
202508,유입,승급,VIP,GD,Gold,일반,RD,Red,29,25,2
202508,유입,승급,VIP,PT,Platinum,일반,RD,Red,11,11,2
202508,유입,승급,VIP,SP,S-Platinum,일반,RD,Red,2,2,1
202508,유입,승급,VIP,SV,Silver,VIP,BK,Black,1269,1039,494
202508,유입,승급,VIP,SV,Silver,일반,PP,Purple,60,44,17
202508,유입,승급,VIP,SV,Silver,일반,RD,Red,81,66,13
202508,유입,승급,일반,PP,Purple,일반,RD,Red,9618,8099,2468
202508,유입,하락,VIP,BK,Black,VIP,GD,Gold,9,3,2
202508,유입,하락,VIP,BK,Black,VIP,SV,Silver,1438,1035,419
202508,유입,하락,VIP,SV,Silver,VIP,GD,Gold,510,362,160
202508,유입,하락,일반,PP,Purple,VIP,BK,Black,3201,2413,808
202508,유입,하락,일반,PP,Purple,VIP,GD,Gold,8,6,2
202508,유입,하락,일반,PP,Purple,VIP,SV,Silver,95,49,14
202508,유입,하락,일반,RD,Red,VIP,BK,Black,379,145,24
202508,유입,하락,일반,RD,Red,VIP,GD,Gold,8,4,1
202508,유입,하락,일반,RD,Red,VIP,SV,Silver,44,20,3
202508,유입,하락,일반,RD,Red,일반,PP,Purple,10177,5707,1336
202508,유지,-,VIP,BK,Black,VIP,BK,Black,32992,22365,7971
202508,유지,-,VIP,GD,Gold,VIP,GD,Gold,5867,3992,1859
202508,유지,-,VIP,PT,Platinum,VIP,PT,Platinum,1849,1052,407
202508,유지,-,VIP,SP,S-Platinum,VIP,SP,S-Platinum,107,71,40
202508,유지,-,VIP,SV,Silver,VIP,SV,Silver,14123,10307,4456
202508,유지,-,일반,PP,Purple,일반,PP,Purple,124255,70353,19203
202508,유지,-,일반,RD,Red,일반,RD,Red,3339978,462936,62054
202509,유입,승급,VIP,BK,Black,일반,PP,Purple,2742,2323,1031
202509,유입,승급,VIP,BK,Black,일반,RD,Red,484,322,79
202509,유입,승급,VIP,GD,Gold,VIP,BK,Black,16,12,5
202509,유입,승급,VIP,GD,Gold,VIP,SV,Silver,485,356,187
202509,유입,승급,VIP,GD,Gold,일반,PP,Purple,6,6,2
202509,유입,승급,VIP,GD,Gold,일반,RD,Red,34,31,5
202509,유입,승급,VIP,PT,Platinum,일반,RD,Red,4,4,1
202509,유입,승급,VIP,SV,Silver,VIP,BK,Black,1176,937,469
202509,유입,승급,VIP,SV,Silver,일반,PP,Purple,63,43,20
202509,유입,승급,VIP,SV,Silver,일반,RD,Red,95,73,13
202509,유입,승급,일반,PP,Purple,일반,RD,Red,9534,7824,2463
202509,유입,하락,VIP,BK,Black,VIP,GD,Gold,13,8,2
202509,유입,하락,VIP,BK,Black,VIP,SV,Silver,1390,979,383
202509,유입,하락,VIP,SV,Silver,VIP,GD,Gold,498,345,142
202509,유입,하락,일반,PP,Purple,VIP,BK,Black,2878,2082,685
202509,유입,하락,일반,PP,Purple,VIP,GD,Gold,2,0,
202509,유입,하락,일반,PP,Purple,VIP,SV,Silver,86,39,9
202509,유입,하락,일반,RD,Red,VIP,BK,Black,426,126,20
202509,유입,하락,일반,RD,Red,VIP,GD,Gold,1,0,
202509,유입,하락,일반,RD,Red,VIP,SV,Silver,35,15,2
202509,유입,하락,일반,RD,Red,일반,PP,Purple,9457,5100,1252
202509,유지,-,VIP,BK,Black,VIP,BK,Black,33184,21944,7672
202509,유지,-,VIP,GD,Gold,VIP,GD,Gold,5891,3881,1790
202509,유지,-,VIP,PT,Platinum,VIP,PT,Platinum,1860,1029,386
202509,유지,-,VIP,SP,S-Platinum,VIP,SP,S-Platinum,109,75,41
202509,유지,-,VIP,SV,Silver,VIP,SV,Silver,14047,10019,4206
202509,유지,-,일반,PP,Purple,일반,PP,Purple,124891,68325,18496
202509,유지,-,일반,RD,Red,일반,RD,Red,3384679,444132,59949
202510,유입,승급,VIP,BK,Black,일반,PP,Purple,3422,2944,1345
202510,유입,승급,VIP,BK,Black,일반,RD,Red,708,481,125
202510,유입,승급,VIP,GD,Gold,VIP,BK,Black,24,18,7
202510,유입,승급,VIP,GD,Gold,VIP,SV,Silver,656,491,266
202510,유입,승급,VIP,GD,Gold,일반,PP,Purple,13,8,4
202510,유입,승급,VIP,GD,Gold,일반,RD,Red,40,32,5
202510,유입,승급,VIP,PT,Platinum,일반,RD,Red,13,12,2
202510,유입,승급,VIP,SV,Silver,VIP,BK,Black,1557,1242,628
202510,유입,승급,VIP,SV,Silver,일반,PP,Purple,134,92,41
202510,유입,승급,VIP,SV,Silver,일반,RD,Red,143,110,29
202510,유입,승급,일반,PP,Purple,일반,RD,Red,12072,9955,3196
202510,유입,하락,VIP,BK,Black,VIP,GD,Gold,16,9,3
202510,유입,하락,VIP,BK,Black,VIP,SV,Silver,1631,1189,476
202510,유입,하락,VIP,SV,Silver,VIP,GD,Gold,601,400,173
202510,유입,하락,일반,PP,Purple,VIP,BK,Black,3566,2604,885
202510,유입,하락,일반,PP,Purple,VIP,GD,Gold,6,2,1
202510,유입,하락,일반,PP,Purple,VIP,SV,Silver,150,79,18
202510,유입,하락,일반,RD,Red,VIP,BK,Black,726,247,40
202510,유입,하락,일반,RD,Red,VIP,GD,Gold,4,1,1
202510,유입,하락,일반,RD,Red,VIP,SV,Silver,85,32,7
202510,유입,하락,일반,RD,Red,일반,PP,Purple,12071,6221,1564
202510,유지,-,VIP,BK,Black,VIP,BK,Black,31930,21445,7973
202510,유지,-,VIP,GD,Gold,VIP,GD,Gold,5803,3952,1880
202510,유지,-,VIP,PT,Platinum,VIP,PT,Platinum,1863,1032,404
202510,유지,-,VIP,SP,S-Platinum,VIP,SP,S-Platinum,109,75,44
202510,유지,-,VIP,SV,Silver,VIP,SV,Silver,13356,9617,4257
202510,유지,-,일반,PP,Purple,일반,PP,Purple,121729,68180,19486
202510,유지,-,일반,RD,Red,일반,RD,Red,3422283,444958,63421
202511,유입,승급,VIP,BK,Black,일반,PP,Purple,4259,3497,1565
202511,유입,승급,VIP,BK,Black,일반,RD,Red,1182,773,200
202511,유입,승급,VIP,GD,Gold,VIP,BK,Black,32,18,10
202511,유입,승급,VIP,GD,Gold,VIP,SV,Silver,771,542,287
202511,유입,승급,VIP,GD,Gold,일반,PP,Purple,16,10,6
202511,유입,승급,VIP,GD,Gold,일반,RD,Red,50,42,8
202511,유입,승급,VIP,PT,Platinum,일반,RD,Red,4,3,1
202511,유입,승급,VIP,SV,Silver,VIP,BK,Black,2054,1608,802
202511,유입,승급,VIP,SV,Silver,일반,PP,Purple,222,139,51
202511,유입,승급,VIP,SV,Silver,일반,RD,Red,252,169,36
202511,유입,승급,일반,PP,Purple,일반,RD,Red,15756,12437,3833
202511,유입,하락,VIP,BK,Black,VIP,GD,Gold,39,24,10
202511,유입,하락,VIP,BK,Black,VIP,SV,Silver,2051,1518,612
202511,유입,하락,VIP,SV,Silver,VIP,GD,Gold,724,509,213
202511,유입,하락,일반,PP,Purple,VIP,BK,Black,4630,3469,1167
202511,유입,하락,일반,PP,Purple,VIP,GD,Gold,15,8,2
202511,유입,하락,일반,PP,Purple,VIP,SV,Silver,213,119,31
202511,유입,하락,일반,RD,Red,VIP,BK,Black,1147,400,76
202511,유입,하락,일반,RD,Red,VIP,GD,Gold,12,4,1
202511,유입,하락,일반,RD,Red,VIP,SV,Silver,104,43,7
202511,유입,하락,일반,RD,Red,일반,PP,Purple,15461,8615,2112
202511,유지,-,VIP,BK,Black,VIP,BK,Black,29839,20935,8048
202511,유지,-,VIP,GD,Gold,VIP,GD,Gold,5745,3994,1912
202511,유지,-,VIP,PT,Platinum,VIP,PT,Platinum,1876,1028,407
202511,유지,-,VIP,SP,S-Platinum,VIP,SP,S-Platinum,109,73,40
202511,유지,-,VIP,SV,Silver,VIP,SV,Silver,12648,9324,4218
202511,유지,-,일반,PP,Purple,일반,PP,Purple,117551,69854,20194
202511,유지,-,일반,RD,Red,일반,RD,Red,3463222,492931,68840
202512,유입,승급,VIP,BK,Black,일반,PP,Purple,4676,3969,1771
202512,유입,승급,VIP,BK,Black,일반,RD,Red,1500,1068,312
202512,유입,승급,VIP,GD,Gold,VIP,BK,Black,32,25,11
202512,유입,승급,VIP,GD,Gold,VIP,SV,Silver,846,604,312
202512,유입,승급,VIP,GD,Gold,일반,PP,Purple,25,20,9
202512,유입,승급,VIP,GD,Gold,일반,RD,Red,50,44,9
202512,유입,승급,VIP,PT,Platinum,일반,RD,Red,12,10,1
202512,유입,승급,VIP,SV,Silver,VIP,BK,Black,2161,1777,884
202512,유입,승급,VIP,SV,Silver,일반,PP,Purple,302,199,77
202512,유입,승급,VIP,SV,Silver,일반,RD,Red,254,175,44
202512,유입,승급,일반,PP,Purple,일반,RD,Red,17525,14282,4287
202512,유입,하락,VIP,BK,Black,VIP,GD,Gold,46,27,9
202512,유입,하락,VIP,BK,Black,VIP,SV,Silver,2209,1686,670
202512,유입,하락,VIP,SV,Silver,VIP,GD,Gold,782,553,241
202512,유입,하락,일반,PP,Purple,VIP,BK,Black,4940,3825,1333
202512,유입,하락,일반,PP,Purple,VIP,GD,Gold,12,8,2
202512,유입,하락,일반,PP,Purple,VIP,SV,Silver,252,147,43
202512,유입,하락,일반,RD,Red,VIP,BK,Black,1327,547,110
202512,유입,하락,일반,RD,Red,VIP,GD,Gold,13,6,1
202512,유입,하락,일반,RD,Red,VIP,SV,Silver,160,69,13
202512,유입,하락,일반,RD,Red,일반,PP,Purple,16636,9563,2406
202512,유지,-,VIP,BK,Black,VIP,BK,Black,28908,20450,8118
202512,유지,-,VIP,GD,Gold,VIP,GD,Gold,5758,3985,1968
202512,유지,-,VIP,PT,Platinum,VIP,PT,Platinum,1880,1032,422
202512,유지,-,VIP,SP,S-Platinum,VIP,SP,S-Platinum,109,72,40
202512,유지,-,VIP,SV,Silver,VIP,SV,Silver,12428,9170,4277
202512,유지,-,일반,PP,Purple,일반,PP,Purple,116509,70123,20636
202512,유지,-,일반,RD,Red,일반,RD,Red,3508875,514405,73227
202501,이탈,승급,VIP,BK,Black,VIP,GD,Gold,29,23,9
202501,이탈,승급,VIP,BK,Black,VIP,PT,Platinum,2,2,1
202501,이탈,승급,VIP,BK,Black,VIP,SV,Silver,1967,1619,768
202501,이탈,승급,VIP,GD,Gold,VIP,PT,Platinum,834,550,274
202501,이탈,승급,VIP,GD,Gold,VIP,SP,S-Platinum,23,18,12
202501,이탈,승급,VIP,PT,Platinum,VIP,SP,S-Platinum,34,26,15
202501,이탈,승급,VIP,SV,Silver,VIP,GD,Gold,779,584,306
202501,이탈,승급,VIP,SV,Silver,VIP,PT,Platinum,1,1,1
202501,이탈,승급,VIP,SV,Silver,VIP,SP,S-Platinum,1,1,1
202501,이탈,승급,일반,PP,Purple,VIP,BK,Black,4261,3577,1453
202501,이탈,승급,일반,PP,Purple,VIP,GD,Gold,17,13,4
202501,이탈,승급,일반,PP,Purple,VIP,SV,Silver,208,152,50
202501,이탈,승급,일반,RD,Red,VIP,BK,Black,948,500,114
202501,이탈,승급,일반,RD,Red,VIP,GD,Gold,9,5,4
202501,이탈,승급,일반,RD,Red,VIP,SV,Silver,118,60,12
202501,이탈,승급,일반,RD,Red,일반,PP,Purple,14002,9653,2671
202501,이탈,하락,VIP,BK,Black,일반,PP,Purple,4486,3484,1327
202501,이탈,하락,VIP,BK,Black,일반,RD,Red,1283,550,124
202501,이탈,하락,VIP,GD,Gold,VIP,BK,Black,48,32,12
202501,이탈,하락,VIP,GD,Gold,VIP,SV,Silver,813,588,272
202501,이탈,하락,VIP,GD,Gold,일반,PP,Purple,10,7,2
202501,이탈,하락,VIP,GD,Gold,일반,RD,Red,12,2,1
202501,이탈,하락,VIP,PT,Platinum,VIP,BK,Black,47,31,7
202501,이탈,하락,VIP,PT,Platinum,VIP,GD,Gold,554,338,133
202501,이탈,하락,VIP,PT,Platinum,VIP,SV,Silver,118,67,23
202501,이탈,하락,VIP,PT,Platinum,일반,PP,Purple,46,21,4
202501,이탈,하락,VIP,PT,Platinum,일반,RD,Red,59,12,2
202501,이탈,하락,VIP,SP,S-Platinum,VIP,BK,Black,7,5,2
202501,이탈,하락,VIP,SP,S-Platinum,VIP,GD,Gold,7,3,1
202501,이탈,하락,VIP,SP,S-Platinum,VIP,PT,Platinum,38,32,18
202501,이탈,하락,VIP,SP,S-Platinum,VIP,SV,Silver,7,4,1
202501,이탈,하락,VIP,SP,S-Platinum,일반,PP,Purple,3,1,1
202501,이탈,하락,VIP,SV,Silver,VIP,BK,Black,1998,1539,676
202501,이탈,하락,VIP,SV,Silver,일반,PP,Purple,257,163,46
202501,이탈,하락,VIP,SV,Silver,일반,RD,Red,159,61,16
202501,이탈,하락,일반,PP,Purple,일반,RD,Red,15775,8914,2364
202502,이탈,승급,VIP,BK,Black,VIP,GD,Gold,25,21,8
202502,이탈,승급,VIP,BK,Black,VIP,SV,Silver,1588,1296,653
202502,이탈,승급,VIP,SV,Silver,VIP,GD,Gold,666,515,271
202502,이탈,승급,일반,PP,Purple,VIP,BK,Black,3585,3043,1268
202502,이탈,승급,일반,PP,Purple,VIP,GD,Gold,7,4,1
202502,이탈,승급,일반,PP,Purple,VIP,SV,Silver,147,102,36
202502,이탈,승급,일반,RD,Red,VIP,BK,Black,717,379,93
202502,이탈,승급,일반,RD,Red,VIP,GD,Gold,8,4,1
202502,이탈,승급,일반,RD,Red,VIP,SV,Silver,95,40,8
202502,이탈,승급,일반,RD,Red,일반,PP,Purple,11660,8177,2300
202502,이탈,하락,VIP,BK,Black,일반,PP,Purple,3654,2873,1115
202502,이탈,하락,VIP,BK,Black,일반,RD,Red,761,350,79
202502,이탈,하락,VIP,GD,Gold,VIP,BK,Black,40,31,9
202502,이탈,하락,VIP,GD,Gold,VIP,SV,Silver,681,495,232
202502,이탈,하락,VIP,GD,Gold,일반,PP,Purple,15,6,3
202502,이탈,하락,VIP,GD,Gold,일반,RD,Red,10,3,1
202502,이탈,하락,VIP,PT,Platinum,일반,RD,Red,4,1,1
202502,이탈,하락,VIP,SV,Silver,VIP,BK,Black,1660,1277,555
202502,이탈,하락,VIP,SV,Silver,일반,PP,Purple,176,123,38
202502,이탈,하락,VIP,SV,Silver,일반,RD,Red,87,37,12
202502,이탈,하락,일반,PP,Purple,일반,RD,Red,12056,7113,1923
202503,이탈,승급,VIP,BK,Black,VIP,GD,Gold,24,21,6
202503,이탈,승급,VIP,BK,Black,VIP,SV,Silver,1560,1256,569
202503,이탈,승급,VIP,SV,Silver,VIP,GD,Gold,616,448,202
202503,이탈,승급,일반,PP,Purple,VIP,BK,Black,3445,2764,1078
202503,이탈,승급,일반,PP,Purple,VIP,GD,Gold,5,5,2
202503,이탈,승급,일반,PP,Purple,VIP,SV,Silver,123,78,26
202503,이탈,승급,일반,RD,Red,VIP,BK,Black,683,348,73
202503,이탈,승급,일반,RD,Red,VIP,GD,Gold,6,5,2
202503,이탈,승급,일반,RD,Red,VIP,PT,Platinum,1,0,
202503,이탈,승급,일반,RD,Red,VIP,SV,Silver,99,59,8
202503,이탈,승급,일반,RD,Red,일반,PP,Purple,10869,7126,1918
202503,이탈,하락,VIP,BK,Black,일반,PP,Purple,3688,2794,1023
202503,이탈,하락,VIP,BK,Black,일반,RD,Red,793,303,65
202503,이탈,하락,VIP,GD,Gold,VIP,BK,Black,25,13,4
202503,이탈,하락,VIP,GD,Gold,VIP,SV,Silver,651,458,208
202503,이탈,하락,VIP,GD,Gold,일반,PP,Purple,4,2,1
202503,이탈,하락,VIP,GD,Gold,일반,RD,Red,9,5,1
202503,이탈,하락,VIP,PT,Platinum,일반,RD,Red,2,2,1
202503,이탈,하락,VIP,SV,Silver,VIP,BK,Black,1692,1256,518
202503,이탈,하락,VIP,SV,Silver,일반,PP,Purple,166,84,23
202503,이탈,하락,VIP,SV,Silver,일반,RD,Red,84,35,6
202503,이탈,하락,일반,PP,Purple,일반,RD,Red,12477,6953,1782
202504,이탈,승급,VIP,BK,Black,VIP,GD,Gold,27,14,5
202504,이탈,승급,VIP,BK,Black,VIP,SV,Silver,1678,1292,589
202504,이탈,승급,VIP,SV,Silver,VIP,GD,Gold,590,442,221
202504,이탈,승급,일반,PP,Purple,VIP,BK,Black,3689,2908,1137
202504,이탈,승급,일반,PP,Purple,VIP,GD,Gold,8,5,2
202504,이탈,승급,일반,PP,Purple,VIP,SV,Silver,115,77,24
202504,이탈,승급,일반,RD,Red,VIP,BK,Black,643,254,54
202504,이탈,승급,일반,RD,Red,VIP,GD,Gold,8,2,1
202504,이탈,승급,일반,RD,Red,VIP,SV,Silver,65,27,5
202504,이탈,승급,일반,RD,Red,일반,PP,Purple,11494,7015,1968
202504,이탈,하락,VIP,BK,Black,일반,PP,Purple,4212,3099,1124
202504,이탈,하락,VIP,BK,Black,일반,RD,Red,1017,346,76
202504,이탈,하락,VIP,GD,Gold,VIP,BK,Black,26,11,3
202504,이탈,하락,VIP,GD,Gold,VIP,SV,Silver,756,526,229
202504,이탈,하락,VIP,GD,Gold,일반,PP,Purple,2,1,1
202504,이탈,하락,VIP,GD,Gold,일반,RD,Red,7,2,1
202504,이탈,하락,VIP,SP,S-Platinum,일반,RD,Red,1,1,1
202504,이탈,하락,VIP,SV,Silver,VIP,BK,Black,1961,1404,581
202504,이탈,하락,VIP,SV,Silver,일반,PP,Purple,225,120,36
202504,이탈,하락,VIP,SV,Silver,일반,RD,Red,78,28,6
202504,이탈,하락,일반,PP,Purple,일반,RD,Red,14815,7793,1988
202505,이탈,승급,VIP,BK,Black,VIP,GD,Gold,21,15,6
202505,이탈,승급,VIP,BK,Black,VIP,SV,Silver,1747,1353,606
202505,이탈,승급,VIP,SV,Silver,VIP,GD,Gold,620,441,223
202505,이탈,승급,일반,PP,Purple,VIP,BK,Black,3800,3043,1198
202505,이탈,승급,일반,PP,Purple,VIP,GD,Gold,6,5,1
202505,이탈,승급,일반,PP,Purple,VIP,SV,Silver,102,61,18
202505,이탈,승급,일반,RD,Red,VIP,BK,Black,590,284,56
202505,이탈,승급,일반,RD,Red,VIP,GD,Gold,7,3,1
202505,이탈,승급,일반,RD,Red,VIP,SV,Silver,60,21,5
202505,이탈,승급,일반,RD,Red,일반,PP,Purple,12029,8091,2210
202505,이탈,하락,VIP,BK,Black,일반,PP,Purple,4385,3283,1211
202505,이탈,하락,VIP,BK,Black,일반,RD,Red,850,288,54
202505,이탈,하락,VIP,GD,Gold,VIP,BK,Black,33,19,7
202505,이탈,하락,VIP,GD,Gold,VIP,SV,Silver,806,574,257
202505,이탈,하락,VIP,GD,Gold,일반,PP,Purple,4,3,1
202505,이탈,하락,VIP,GD,Gold,일반,RD,Red,5,4,1
202505,이탈,하락,VIP,PT,Platinum,일반,RD,Red,1,0,
202505,이탈,하락,VIP,SP,S-Platinum,일반,RD,Red,2,2,2
202505,이탈,하락,VIP,SV,Silver,VIP,BK,Black,2008,1464,608
202505,이탈,하락,VIP,SV,Silver,일반,PP,Purple,183,98,28
202505,이탈,하락,VIP,SV,Silver,일반,RD,Red,81,36,5
202505,이탈,하락,일반,PP,Purple,일반,RD,Red,14511,8049,2008
202506,이탈,승급,VIP,BK,Black,VIP,GD,Gold,14,9,4
202506,이탈,승급,VIP,BK,Black,VIP,SV,Silver,1672,1303,609
202506,이탈,승급,VIP,SV,Silver,VIP,GD,Gold,632,450,227
202506,이탈,승급,일반,PP,Purple,VIP,BK,Black,3825,3024,1226
202506,이탈,승급,일반,PP,Purple,VIP,GD,Gold,6,5,2
202506,이탈,승급,일반,PP,Purple,VIP,SV,Silver,108,73,20
202506,이탈,승급,일반,RD,Red,VIP,BK,Black,575,269,62
202506,이탈,승급,일반,RD,Red,VIP,GD,Gold,6,3,1
202506,이탈,승급,일반,RD,Red,VIP,SV,Silver,44,17,3
202506,이탈,승급,일반,RD,Red,일반,PP,Purple,12134,7921,2265
202506,이탈,하락,VIP,BK,Black,일반,PP,Purple,4095,3079,1133
202506,이탈,하락,VIP,BK,Black,일반,RD,Red,674,223,45
202506,이탈,하락,VIP,GD,Gold,VIP,BK,Black,24,7,2
202506,이탈,하락,VIP,GD,Gold,VIP,SV,Silver,701,495,224
202506,이탈,하락,VIP,GD,Gold,일반,PP,Purple,5,4,1
202506,이탈,하락,VIP,GD,Gold,일반,RD,Red,4,2,1
202506,이탈,하락,VIP,SP,S-Platinum,일반,RD,Red,1,1,1
202506,이탈,하락,VIP,SV,Silver,VIP,BK,Black,1897,1363,591
202506,이탈,하락,VIP,SV,Silver,일반,PP,Purple,137,77,16
202506,이탈,하락,VIP,SV,Silver,일반,RD,Red,76,29,8
202506,이탈,하락,일반,PP,Purple,일반,RD,Red,13647,7593,1968
202507,이탈,승급,VIP,BK,Black,VIP,GD,Gold,10,9,2
202507,이탈,승급,VIP,BK,Black,VIP,SV,Silver,1500,1207,565
202507,이탈,승급,VIP,SV,Silver,VIP,GD,Gold,540,404,201
202507,이탈,승급,일반,PP,Purple,VIP,BK,Black,3458,2841,1137
202507,이탈,승급,일반,PP,Purple,VIP,GD,Gold,5,2,1
202507,이탈,승급,일반,PP,Purple,VIP,SV,Silver,79,60,18
202507,이탈,승급,일반,RD,Red,VIP,BK,Black,349,162,34
202507,이탈,승급,일반,RD,Red,VIP,GD,Gold,15,7,1
202507,이탈,승급,일반,RD,Red,VIP,SV,Silver,52,23,4
202507,이탈,승급,일반,RD,Red,일반,PP,Purple,10367,7170,1947
202507,이탈,하락,VIP,BK,Black,일반,PP,Purple,3898,2955,1062
202507,이탈,하락,VIP,BK,Black,일반,RD,Red,492,173,35
202507,이탈,하락,VIP,GD,Gold,VIP,BK,Black,12,6,2
202507,이탈,하락,VIP,GD,Gold,VIP,SV,Silver,635,456,205
202507,이탈,하락,VIP,GD,Gold,일반,PP,Purple,8,5,1
202507,이탈,하락,VIP,GD,Gold,일반,RD,Red,4,3,1
202507,이탈,하락,VIP,PT,Platinum,일반,RD,Red,1,1,1
202507,이탈,하락,VIP,SV,Silver,VIP,BK,Black,1703,1278,527
202507,이탈,하락,VIP,SV,Silver,일반,PP,Purple,117,56,15
202507,이탈,하락,VIP,SV,Silver,일반,RD,Red,67,23,6
202507,이탈,하락,일반,PP,Purple,일반,RD,Red,12301,7061,1836
202509,이탈,승급,VIP,BK,Black,VIP,GD,Gold,16,11,3
202509,이탈,승급,VIP,BK,Black,VIP,SV,Silver,1176,917,422
202509,이탈,승급,VIP,SV,Silver,VIP,GD,Gold,485,358,177
202509,이탈,승급,일반,PP,Purple,VIP,BK,Black,2742,2227,867
202509,이탈,승급,일반,PP,Purple,VIP,GD,Gold,6,4,1
202509,이탈,승급,일반,PP,Purple,VIP,SV,Silver,63,35,10
202509,이탈,승급,일반,RD,Red,VIP,BK,Black,340,143,31
202509,이탈,승급,일반,RD,Red,VIP,GD,Gold,6,3,1
202509,이탈,승급,일반,RD,Red,VIP,SV,Silver,41,17,4
202509,이탈,승급,일반,RD,Red,일반,PP,Purple,8667,5975,1671
202509,이탈,하락,VIP,BK,Black,일반,PP,Purple,2878,2161,766
202509,이탈,하락,VIP,BK,Black,일반,RD,Red,431,136,25
202509,이탈,하락,VIP,GD,Gold,VIP,BK,Black,13,6,2
202509,이탈,하락,VIP,GD,Gold,VIP,SV,Silver,498,357,161
202509,이탈,하락,VIP,GD,Gold,일반,PP,Purple,2,0,
202509,이탈,하락,VIP,GD,Gold,일반,RD,Red,1,0,
202509,이탈,하락,VIP,SV,Silver,VIP,BK,Black,1390,1031,423
202509,이탈,하락,VIP,SV,Silver,일반,PP,Purple,86,41,10
202509,이탈,하락,VIP,SV,Silver,일반,RD,Red,35,15,3
202509,이탈,하락,일반,PP,Purple,일반,RD,Red,9475,5413,1389
202510,이탈,승급,VIP,BK,Black,VIP,GD,Gold,24,13,4
202510,이탈,승급,VIP,BK,Black,VIP,SV,Silver,1557,1179,519
202510,이탈,승급,VIP,SV,Silver,VIP,GD,Gold,656,473,228
202510,이탈,승급,일반,PP,Purple,VIP,BK,Black,3422,2747,1025
202510,이탈,승급,일반,PP,Purple,VIP,GD,Gold,13,7,3
202510,이탈,승급,일반,PP,Purple,VIP,SV,Silver,134,77,22
202510,이탈,승급,일반,RD,Red,VIP,BK,Black,531,241,43
202510,이탈,승급,일반,RD,Red,VIP,GD,Gold,14,8,2
202510,이탈,승급,일반,RD,Red,VIP,SV,Silver,74,33,7
202510,이탈,승급,일반,RD,Red,일반,PP,Purple,11020,7260,1957
202510,이탈,하락,VIP,BK,Black,일반,PP,Purple,3566,2565,880
202510,이탈,하락,VIP,BK,Black,일반,RD,Red,736,234,41
202510,이탈,하락,VIP,GD,Gold,VIP,BK,Black,16,9,3
202510,이탈,하락,VIP,GD,Gold,VIP,SV,Silver,601,392,175
202510,이탈,하락,VIP,GD,Gold,일반,PP,Purple,6,2,1
202510,이탈,하락,VIP,GD,Gold,일반,RD,Red,6,2,1
202510,이탈,하락,VIP,PT,Platinum,일반,RD,Red,1,0,
202510,이탈,하락,VIP,SV,Silver,VIP,BK,Black,1631,1190,475
202510,이탈,하락,VIP,SV,Silver,일반,PP,Purple,150,76,17
202510,이탈,하락,VIP,SV,Silver,일반,RD,Red,86,31,6
202510,이탈,하락,일반,PP,Purple,일반,RD,Red,12093,6306,1570
202511,이탈,승급,VIP,BK,Black,VIP,GD,Gold,32,16,6
202511,이탈,승급,VIP,BK,Black,VIP,SV,Silver,2054,1525,670
202511,이탈,승급,VIP,SV,Silver,VIP,GD,Gold,771,529,258
202511,이탈,승급,일반,PP,Purple,VIP,BK,Black,4259,3233,1243
202511,이탈,승급,일반,PP,Purple,VIP,GD,Gold,16,12,4
202511,이탈,승급,일반,PP,Purple,VIP,SV,Silver,222,127,34
202511,이탈,승급,일반,RD,Red,VIP,BK,Black,971,398,79
202511,이탈,승급,일반,RD,Red,VIP,GD,Gold,21,9,2
202511,이탈,승급,일반,RD,Red,VIP,SV,Silver,161,54,8
202511,이탈,승급,일반,RD,Red,일반,PP,Purple,14246,8704,2308
202511,이탈,하락,VIP,BK,Black,일반,PP,Purple,4630,3431,1180
202511,이탈,하락,VIP,BK,Black,일반,RD,Red,1152,356,74
202511,이탈,하락,VIP,GD,Gold,VIP,BK,Black,39,21,8
202511,이탈,하락,VIP,GD,Gold,VIP,SV,Silver,724,504,223
202511,이탈,하락,VIP,GD,Gold,일반,PP,Purple,15,4,2
202511,이탈,하락,VIP,GD,Gold,일반,RD,Red,13,4,1
202511,이탈,하락,VIP,SV,Silver,VIP,BK,Black,2051,1500,622
202511,이탈,하락,VIP,SV,Silver,일반,PP,Purple,213,118,30
202511,이탈,하락,VIP,SV,Silver,일반,RD,Red,108,35,6
202511,이탈,하락,일반,PP,Purple,일반,RD,Red,15475,8330,2107
202512,이탈,승급,VIP,BK,Black,VIP,GD,Gold,32,24,9
202512,이탈,승급,VIP,BK,Black,VIP,SV,Silver,2161,1709,761
202512,이탈,승급,VIP,SV,Silver,VIP,GD,Gold,846,601,275
202512,이탈,승급,일반,PP,Purple,VIP,BK,Black,4676,3753,1420
202512,이탈,승급,일반,PP,Purple,VIP,GD,Gold,25,17,6
202512,이탈,승급,일반,PP,Purple,VIP,SV,Silver,302,186,53
202512,이탈,승급,일반,RD,Red,VIP,BK,Black,1229,624,129
202512,이탈,승급,일반,RD,Red,VIP,GD,Gold,16,7,2
202512,이탈,승급,일반,RD,Red,VIP,SV,Silver,178,82,14
202512,이탈,승급,일반,RD,Red,일반,PP,Purple,15680,10216,2602
202512,이탈,하락,VIP,BK,Black,일반,PP,Purple,4940,3809,1383
202512,이탈,하락,VIP,BK,Black,일반,RD,Red,1329,523,104
202512,이탈,하락,VIP,GD,Gold,VIP,BK,Black,46,28,9
202512,이탈,하락,VIP,GD,Gold,VIP,SV,Silver,782,543,246
202512,이탈,하락,VIP,GD,Gold,일반,PP,Purple,12,6,2
202512,이탈,하락,VIP,GD,Gold,일반,RD,Red,16,8,2
202512,이탈,하락,VIP,SV,Silver,VIP,BK,Black,2209,1672,696
202512,이탈,하락,VIP,SV,Silver,일반,PP,Purple,252,150,46
202512,이탈,하락,VIP,SV,Silver,일반,RD,Red,165,57,12
202512,이탈,하락,일반,PP,Purple,일반,RD,Red,16653,9530,2454
202601,유입,승급,VIP,BK,Black,일반,PP,Purple,4062,3474,1552
202601,유입,승급,VIP,BK,Black,일반,RD,Red,1345,984,292
202601,유입,승급,VIP,GD,Gold,VIP,BK,Black,41,32,14
202601,유입,승급,VIP,GD,Gold,VIP,SV,Silver,801,575,297
202601,유입,승급,VIP,GD,Gold,일반,PP,Purple,12,9,3
202601,유입,승급,VIP,GD,Gold,일반,RD,Red,53,43,7
202601,유입,승급,VIP,PT,Platinum,VIP,GD,Gold,787,474,221
202601,유입,승급,VIP,PT,Platinum,VIP,SV,Silver,3,2,2
202601,유입,승급,VIP,PT,Platinum,일반,RD,Red,11,9,2
202601,유입,승급,VIP,SP,S-Platinum,VIP,GD,Gold,36,24,17
202601,유입,승급,VIP,SP,S-Platinum,VIP,PT,Platinum,72,55,33
202601,유입,승급,VIP,SV,Silver,VIP,BK,Black,1878,1514,769
202601,유입,승급,VIP,SV,Silver,일반,PP,Purple,241,169,69
202601,유입,승급,VIP,SV,Silver,일반,RD,Red,269,184,50
202601,유입,승급,일반,PP,Purple,일반,RD,Red,15238,12697,3751
202601,유입,하락,VIP,BK,Black,VIP,GD,Gold,33,18,4
202601,유입,하락,VIP,BK,Black,VIP,PT,Platinum,74,38,9
202601,유입,하락,VIP,BK,Black,VIP,SP,S-Platinum,2,1,1
202601,유입,하락,VIP,BK,Black,VIP,SV,Silver,2066,1601,641
202601,유입,하락,VIP,GD,Gold,VIP,PT,Platinum,579,350,133
202601,유입,하락,VIP,GD,Gold,VIP,SP,S-Platinum,7,4,2
202601,유입,하락,VIP,PT,Platinum,VIP,SP,S-Platinum,31,17,7
202601,유입,하락,VIP,SV,Silver,VIP,GD,Gold,740,533,226
202601,유입,하락,VIP,SV,Silver,VIP,PT,Platinum,133,66,16
202601,유입,하락,VIP,SV,Silver,VIP,SP,S-Platinum,3,0,
202601,유입,하락,일반,PP,Purple,VIP,BK,Black,4390,3365,1143
202601,유입,하락,일반,PP,Purple,VIP,GD,Gold,15,7,2
202601,유입,하락,일반,PP,Purple,VIP,PT,Platinum,38,16,3
202601,유입,하락,일반,PP,Purple,VIP,SV,Silver,221,134,39
202601,유입,하락,일반,RD,Red,VIP,BK,Black,1085,485,96
202601,유입,하락,일반,RD,Red,VIP,GD,Gold,10,3,1
202601,유입,하락,일반,RD,Red,VIP,PT,Platinum,70,17,3
202601,유입,하락,일반,RD,Red,VIP,SP,S-Platinum,3,1,1
202601,유입,하락,일반,RD,Red,VIP,SV,Silver,126,68,15
202601,유입,하락,일반,RD,Red,일반,PP,Purple,15366,8476,1952
202601,유지,-,VIP,BK,Black,VIP,BK,Black,29873,20924,7867
202601,유지,-,VIP,GD,Gold,VIP,GD,Gold,5077,3544,1688
202601,유지,-,VIP,PT,Platinum,VIP,PT,Platinum,925,494,214
202601,유지,-,VIP,SP,S-Platinum,VIP,SP,S-Platinum,62,45,31
202601,유지,-,VIP,SV,Silver,VIP,SV,Silver,12670,9270,4132
202601,유지,-,일반,PP,Purple,일반,PP,Purple,119282,70527,19600
202601,유지,-,일반,RD,Red,일반,RD,Red,3552243,497058,67706
202602,유입,승급,VIP,BK,Black,일반,PP,Purple,3740,3240,1431
202602,유입,승급,VIP,BK,Black,일반,RD,Red,1015,720,227
202602,유입,승급,VIP,GD,Gold,VIP,BK,Black,27,19,10
202602,유입,승급,VIP,GD,Gold,VIP,SV,Silver,714,495,252
202602,유입,승급,VIP,GD,Gold,일반,PP,Purple,7,6,2
202602,유입,승급,VIP,GD,Gold,일반,RD,Red,45,39,10
202602,유입,승급,VIP,PT,Platinum,VIP,SV,Silver,1,1,1
202602,유입,승급,VIP,PT,Platinum,일반,RD,Red,12,10,1
202602,유입,승급,VIP,SV,Silver,VIP,BK,Black,1747,1440,736
202602,유입,승급,VIP,SV,Silver,일반,PP,Purple,227,171,82
202602,유입,승급,VIP,SV,Silver,일반,RD,Red,175,134,37
202602,유입,승급,일반,PP,Purple,일반,RD,Red,13491,10973,3366
202602,유입,하락,VIP,BK,Black,VIP,GD,Gold,32,17,3
202602,유입,하락,VIP,BK,Black,VIP,SV,Silver,1739,1291,497
202602,유입,하락,VIP,SV,Silver,VIP,GD,Gold,668,475,191
202602,유입,하락,일반,PP,Purple,VIP,BK,Black,3869,2919,1040
202602,유입,하락,일반,PP,Purple,VIP,GD,Gold,6,3,1
202602,유입,하락,일반,PP,Purple,VIP,SV,Silver,181,109,28
202602,유입,하락,일반,RD,Red,VIP,BK,Black,837,356,69
202602,유입,하락,일반,RD,Red,VIP,GD,Gold,15,5,1
202602,유입,하락,일반,RD,Red,VIP,SV,Silver,121,42,9
202602,유입,하락,일반,RD,Red,일반,PP,Purple,13366,7001,1639
202602,유지,-,VIP,BK,Black,VIP,BK,Black,30972,21059,7579
202602,유지,-,VIP,GD,Gold,VIP,GD,Gold,5847,3895,1820
202602,유지,-,VIP,PT,Platinum,VIP,PT,Platinum,1754,1001,413
202602,유지,-,VIP,SP,S-Platinum,VIP,SP,S-Platinum,169,131,78
202602,유지,-,VIP,SV,Silver,VIP,SV,Silver,13177,9443,4032
202602,유지,-,일반,PP,Purple,일반,PP,Purple,121822,69292,18614
202602,유지,-,일반,RD,Red,일반,RD,Red,3592830,458130,62930
202601,이탈,승급,VIP,BK,Black,VIP,GD,Gold,41,28,10
202601,이탈,승급,VIP,BK,Black,VIP,SV,Silver,1878,1494,699
202601,이탈,승급,VIP,GD,Gold,VIP,PT,Platinum,787,469,226
202601,이탈,승급,VIP,GD,Gold,VIP,SP,S-Platinum,36,27,18
202601,이탈,승급,VIP,PT,Platinum,VIP,SP,S-Platinum,72,55,33
202601,이탈,승급,VIP,SV,Silver,VIP,GD,Gold,801,579,275
202601,이탈,승급,VIP,SV,Silver,VIP,PT,Platinum,3,3,1
202601,이탈,승급,일반,PP,Purple,VIP,BK,Black,4062,3340,1355
202601,이탈,승급,일반,PP,Purple,VIP,GD,Gold,12,5,2
202601,이탈,승급,일반,PP,Purple,VIP,SV,Silver,241,168,50
202601,이탈,승급,일반,RD,Red,VIP,BK,Black,1114,597,139
202601,이탈,승급,일반,RD,Red,VIP,GD,Gold,18,4,1
202601,이탈,승급,일반,RD,Red,VIP,PT,Platinum,1,0,
202601,이탈,승급,일반,RD,Red,VIP,SV,Silver,188,87,20
202601,이탈,승급,일반,RD,Red,일반,PP,Purple,13610,9354,2508
202601,이탈,하락,VIP,BK,Black,일반,PP,Purple,4390,3438,1314
202601,이탈,하락,VIP,BK,Black,일반,RD,Red,1101,503,115
202601,이탈,하락,VIP,GD,Gold,VIP,BK,Black,33,18,4
202601,이탈,하락,VIP,GD,Gold,VIP,SV,Silver,740,546,254
202601,이탈,하락,VIP,GD,Gold,일반,PP,Purple,15,8,2
202601,이탈,하락,VIP,GD,Gold,일반,RD,Red,13,4,2
202601,이탈,하락,VIP,PT,Platinum,VIP,BK,Black,74,38,9
202601,이탈,하락,VIP,PT,Platinum,VIP,GD,Gold,579,341,137
202601,이탈,하락,VIP,PT,Platinum,VIP,SV,Silver,133,61,18
202601,이탈,하락,VIP,PT,Platinum,일반,PP,Purple,38,19,3
202601,이탈,하락,VIP,PT,Platinum,일반,RD,Red,71,20,5
202601,이탈,하락,VIP,SP,S-Platinum,VIP,BK,Black,2,1,1
202601,이탈,하락,VIP,SP,S-Platinum,VIP,GD,Gold,7,4,1
202601,이탈,하락,VIP,SP,S-Platinum,VIP,PT,Platinum,31,19,8
202601,이탈,하락,VIP,SP,S-Platinum,VIP,SV,Silver,3,1,1
202601,이탈,하락,VIP,SP,S-Platinum,일반,RD,Red,4,1,1
202601,이탈,하락,VIP,SV,Silver,VIP,BK,Black,2066,1621,713
202601,이탈,하락,VIP,SV,Silver,일반,PP,Purple,221,144,47
202601,이탈,하락,VIP,SV,Silver,일반,RD,Red,135,66,17
202601,이탈,하락,일반,PP,Purple,일반,RD,Red,15423,8909,2294
202602,이탈,승급,VIP,BK,Black,VIP,GD,Gold,27,19,7
202602,이탈,승급,VIP,BK,Black,VIP,SV,Silver,1747,1416,662
202602,이탈,승급,VIP,SV,Silver,VIP,GD,Gold,714,490,235
202602,이탈,승급,VIP,SV,Silver,VIP,PT,Platinum,1,1,1
202602,이탈,승급,일반,PP,Purple,VIP,BK,Black,3740,3109,1243
202602,이탈,승급,일반,PP,Purple,VIP,GD,Gold,7,4,1
202602,이탈,승급,일반,PP,Purple,VIP,SV,Silver,227,148,55
202602,이탈,승급,일반,RD,Red,VIP,BK,Black,849,450,107
202602,이탈,승급,일반,RD,Red,VIP,GD,Gold,15,6,2
202602,이탈,승급,일반,RD,Red,VIP,SV,Silver,113,58,12
202602,이탈,승급,일반,RD,Red,일반,PP,Purple,12258,8324,2230
202602,이탈,하락,VIP,BK,Black,일반,PP,Purple,3869,3050,1181
202602,이탈,하락,VIP,BK,Black,일반,RD,Red,840,388,87
202602,이탈,하락,VIP,GD,Gold,VIP,BK,Black,32,20,4
202602,이탈,하락,VIP,GD,Gold,VIP,SV,Silver,668,491,212
202602,이탈,하락,VIP,GD,Gold,일반,PP,Purple,6,3,1
202602,이탈,하락,VIP,GD,Gold,일반,RD,Red,17,8,2
202602,이탈,하락,VIP,PT,Platinum,일반,RD,Red,3,2,2
202602,이탈,하락,VIP,SP,S-Platinum,일반,RD,Red,1,1,1
202602,이탈,하락,VIP,SV,Silver,VIP,BK,Black,1739,1351,587
202602,이탈,하락,VIP,SV,Silver,일반,PP,Purple,181,117,32
202602,이탈,하락,VIP,SV,Silver,일반,RD,Red,122,47,13
202602,이탈,하락,일반,PP,Purple,일반,RD,Red,13388,7578,1897
202603,유입,승급,VIP,BK,Black,일반,PP,Purple,3558,3041,1374
202603,유입,승급,VIP,BK,Black,일반,RD,Red,810,542,162
202603,유입,승급,VIP,GD,Gold,VIP,BK,Black,25,22,11
202603,유입,승급,VIP,GD,Gold,VIP,SV,Silver,645,436,231
202603,유입,승급,VIP,GD,Gold,일반,PP,Purple,8,7,3
202603,유입,승급,VIP,GD,Gold,일반,RD,Red,45,38,9
202603,유입,승급,VIP,PT,Platinum,일반,RD,Red,12,10,2
202603,유입,승급,VIP,SV,Silver,VIP,BK,Black,1624,1294,644
202603,유입,승급,VIP,SV,Silver,일반,PP,Purple,165,117,45
202603,유입,승급,VIP,SV,Silver,일반,RD,Red,133,101,26
202603,유입,승급,일반,PP,Purple,일반,RD,Red,12692,10326,3266
202603,유입,하락,VIP,BK,Black,VIP,GD,Gold,35,24,7
202603,유입,하락,VIP,BK,Black,VIP,SV,Silver,1732,1271,501
202603,유입,하락,VIP,SV,Silver,VIP,GD,Gold,617,414,181
202603,유입,하락,일반,PP,Purple,VIP,BK,Black,3806,2774,957
202603,유입,하락,일반,PP,Purple,VIP,GD,Gold,10,3,2
202603,유입,하락,일반,PP,Purple,VIP,SV,Silver,172,101,29
202603,유입,하락,일반,RD,Red,VIP,BK,Black,837,324,77
202603,유입,하락,일반,RD,Red,VIP,GD,Gold,7,3,1
202603,유입,하락,일반,RD,Red,VIP,SV,Silver,101,33,7
202603,유입,하락,일반,RD,Red,일반,PP,Purple,12718,6470,1551
202603,유지,-,VIP,BK,Black,VIP,BK,Black,31074,20731,7438
202603,유지,-,VIP,GD,Gold,VIP,GD,Gold,5953,3867,1748
202603,유지,-,VIP,PT,Platinum,VIP,PT,Platinum,1764,972,382
202603,유지,-,VIP,SP,S-Platinum,VIP,SP,S-Platinum,169,123,69
202603,유지,-,VIP,SV,Silver,VIP,SV,Silver,13299,9364,3989
202603,유지,-,일반,PP,Purple,일반,PP,Purple,122463,67846,18517
202603,유지,-,일반,RD,Red,일반,RD,Red,3626157,443257,62613
202604,유입,승급,VIP,BK,Black,일반,PP,Purple,3848,3305,1486
202604,유입,승급,VIP,BK,Black,일반,RD,Red,1007,675,175
202604,유입,승급,VIP,GD,Gold,VIP,BK,Black,29,21,10
202604,유입,승급,VIP,GD,Gold,VIP,SV,Silver,659,460,229
202604,유입,승급,VIP,GD,Gold,일반,PP,Purple,11,8,5
202604,유입,승급,VIP,GD,Gold,일반,RD,Red,49,45,9
202604,유입,승급,VIP,PT,Platinum,일반,RD,Red,13,12,2
202604,유입,승급,VIP,SP,S-Platinum,일반,RD,Red,2,2,2
202604,유입,승급,VIP,SV,Silver,VIP,BK,Black,1810,1458,721
202604,유입,승급,VIP,SV,Silver,일반,PP,Purple,154,105,46
202604,유입,승급,VIP,SV,Silver,일반,RD,Red,151,101,19
202604,유입,승급,일반,PP,Purple,일반,RD,Red,14056,11287,3475
202604,유입,하락,VIP,BK,Black,VIP,GD,Gold,22,13,3
202604,유입,하락,VIP,BK,Black,VIP,SV,Silver,1653,1239,481
202604,유입,하락,VIP,SV,Silver,VIP,GD,Gold,672,444,181
202604,유입,하락,일반,PP,Purple,VIP,BK,Black,3906,2898,984
202604,유입,하락,일반,PP,Purple,VIP,GD,Gold,4,1,1
202604,유입,하락,일반,PP,Purple,VIP,SV,Silver,163,95,27
202604,유입,하락,일반,RD,Red,VIP,BK,Black,734,270,49
202604,유입,하락,일반,RD,Red,VIP,GD,Gold,7,2,1
202604,유입,하락,일반,RD,Red,VIP,SV,Silver,79,26,4
202604,유입,하락,일반,RD,Red,일반,PP,Purple,13465,7076,1696
202604,유지,-,VIP,BK,Black,VIP,BK,Black,30724,21338,8015
202604,유지,-,VIP,GD,Gold,VIP,GD,Gold,5969,3987,1867
202604,유지,-,VIP,PT,Platinum,VIP,PT,Platinum,1776,988,394
202604,유지,-,VIP,SP,S-Platinum,VIP,SP,S-Platinum,169,125,71
202604,유지,-,VIP,SV,Silver,VIP,SV,Silver,13282,9606,4236
202604,유지,-,일반,PP,Purple,일반,PP,Purple,121639,70825,19736
202604,유지,-,일반,RD,Red,일반,RD,Red,3666226,475824,65551
202605,유입,승급,VIP,BK,Black,일반,PP,Purple,4153,3430,1497
202605,유입,승급,VIP,BK,Black,일반,RD,Red,918,586,156
202605,유입,승급,VIP,GD,Gold,VIP,BK,Black,35,22,12
202605,유입,승급,VIP,GD,Gold,VIP,SV,Silver,721,499,253
202605,유입,승급,VIP,GD,Gold,일반,PP,Purple,8,6,3
202605,유입,승급,VIP,GD,Gold,일반,RD,Red,41,37,7
202605,유입,승급,VIP,PT,Platinum,일반,RD,Red,8,6,1
202605,유입,승급,VIP,SV,Silver,VIP,BK,Black,1859,1489,739
202605,유입,승급,VIP,SV,Silver,일반,PP,Purple,136,88,35
202605,유입,승급,VIP,SV,Silver,일반,RD,Red,138,92,18
202605,유입,승급,일반,PP,Purple,일반,RD,Red,14480,11162,3413
202605,유입,하락,VIP,BK,Black,VIP,GD,Gold,21,13,5
202605,유입,하락,VIP,BK,Black,VIP,SV,Silver,1778,1286,489
202605,유입,하락,VIP,SV,Silver,VIP,GD,Gold,621,416,159
202605,유입,하락,일반,PP,Purple,VIP,BK,Black,4080,2956,967
202605,유입,하락,일반,PP,Purple,VIP,GD,Gold,8,3,1
202605,유입,하락,일반,PP,Purple,VIP,SV,Silver,132,71,18
202605,유입,하락,일반,RD,Red,VIP,BK,Black,704,258,54
202605,유입,하락,일반,RD,Red,VIP,GD,Gold,6,2,1
202605,유입,하락,일반,RD,Red,VIP,SV,Silver,72,21,3
202605,유입,하락,일반,RD,Red,일반,PP,Purple,13363,7200,1658
202605,유지,-,VIP,BK,Black,VIP,BK,Black,30571,21221,8055
202605,유지,-,VIP,GD,Gold,VIP,GD,Gold,6060,4016,1870
202605,유지,-,VIP,PT,Platinum,VIP,PT,Platinum,1787,971,377
202605,유지,-,VIP,SP,S-Platinum,VIP,SP,S-Platinum,171,123,66
202605,유지,-,VIP,SV,Silver,VIP,SV,Silver,13366,9650,4309
202605,유지,-,일반,PP,Purple,일반,PP,Purple,122084,70389,19818
202605,유지,-,일반,RD,Red,일반,RD,Red,3702828,458094,64374
202603,이탈,승급,VIP,BK,Black,VIP,GD,Gold,25,19,7
202603,이탈,승급,VIP,BK,Black,VIP,SV,Silver,1624,1255,562
202603,이탈,승급,VIP,SV,Silver,VIP,GD,Gold,645,442,214
202603,이탈,승급,일반,PP,Purple,VIP,BK,Black,3558,2932,1170
202603,이탈,승급,일반,PP,Purple,VIP,GD,Gold,8,5,2
202603,이탈,승급,일반,PP,Purple,VIP,SV,Silver,165,100,35
202603,이탈,승급,일반,RD,Red,VIP,BK,Black,645,318,68
202603,이탈,승급,일반,RD,Red,VIP,GD,Gold,21,14,4
202603,이탈,승급,일반,RD,Red,VIP,SV,Silver,83,43,9
202603,이탈,승급,일반,RD,Red,일반,PP,Purple,11574,7718,2067
202603,이탈,하락,VIP,BK,Black,일반,PP,Purple,3806,2839,1047
202603,이탈,하락,VIP,BK,Black,일반,RD,Red,843,347,82
202603,이탈,하락,VIP,GD,Gold,VIP,BK,Black,35,25,8
202603,이탈,하락,VIP,GD,Gold,VIP,SV,Silver,617,425,200
202603,이탈,하락,VIP,GD,Gold,일반,PP,Purple,10,4,1
202603,이탈,하락,VIP,GD,Gold,일반,RD,Red,10,4,2
202603,이탈,하락,VIP,PT,Platinum,일반,RD,Red,1,1,1
202603,이탈,하락,VIP,SV,Silver,VIP,BK,Black,1732,1300,557
202603,이탈,하락,VIP,SV,Silver,일반,PP,Purple,172,110,32
202603,이탈,하락,VIP,SV,Silver,일반,RD,Red,104,37,10
202603,이탈,하락,일반,PP,Purple,일반,RD,Red,12732,6859,1733
202604,이탈,승급,VIP,BK,Black,VIP,GD,Gold,29,20,6
202604,이탈,승급,VIP,BK,Black,VIP,SV,Silver,1810,1376,589
202604,이탈,승급,VIP,SV,Silver,VIP,GD,Gold,659,448,194
202604,이탈,승급,일반,PP,Purple,VIP,BK,Black,3848,3040,1155
202604,이탈,승급,일반,PP,Purple,VIP,GD,Gold,11,5,2
202604,이탈,승급,일반,PP,Purple,VIP,SV,Silver,154,91,27
202604,이탈,승급,일반,RD,Red,VIP,BK,Black,800,331,66
202604,이탈,승급,일반,RD,Red,VIP,GD,Gold,10,6,2
202604,이탈,승급,일반,RD,Red,VIP,SV,Silver,101,38,5
202604,이탈,승급,일반,RD,Red,일반,PP,Purple,12821,7734,2006
202604,이탈,하락,VIP,BK,Black,일반,PP,Purple,3906,2842,993
202604,이탈,하락,VIP,BK,Black,일반,RD,Red,740,250,51
202604,이탈,하락,VIP,GD,Gold,VIP,BK,Black,22,10,3
202604,이탈,하락,VIP,GD,Gold,VIP,SV,Silver,672,436,185
202604,이탈,하락,VIP,GD,Gold,일반,PP,Purple,4,1,1
202604,이탈,하락,VIP,GD,Gold,일반,RD,Red,9,3,1
202604,이탈,하락,VIP,SV,Silver,VIP,BK,Black,1653,1224,490
202604,이탈,하락,VIP,SV,Silver,일반,PP,Purple,163,89,26
202604,이탈,하락,VIP,SV,Silver,일반,RD,Red,81,26,5
202604,이탈,하락,일반,PP,Purple,일반,RD,Red,13491,6925,1735
202605,이탈,승급,VIP,BK,Black,VIP,GD,Gold,35,20,10
202605,이탈,승급,VIP,BK,Black,VIP,SV,Silver,1859,1449,662
202605,이탈,승급,VIP,SV,Silver,VIP,GD,Gold,721,494,238
202605,이탈,승급,일반,PP,Purple,VIP,BK,Black,4153,3254,1248
202605,이탈,승급,일반,PP,Purple,VIP,GD,Gold,8,6,2
202605,이탈,승급,일반,PP,Purple,VIP,SV,Silver,136,83,26
202605,이탈,승급,일반,RD,Red,VIP,BK,Black,742,326,72
202605,이탈,승급,일반,RD,Red,VIP,GD,Gold,9,5,2
202605,이탈,승급,일반,RD,Red,VIP,SV,Silver,88,30,4
202605,이탈,승급,일반,RD,Red,일반,PP,Purple,13488,8653,2270
202605,이탈,하락,VIP,BK,Black,일반,PP,Purple,4080,2986,1037
202605,이탈,하락,VIP,BK,Black,일반,RD,Red,709,262,59
202605,이탈,하락,VIP,GD,Gold,VIP,BK,Black,21,14,5
202605,이탈,하락,VIP,GD,Gold,VIP,SV,Silver,621,416,174
202605,이탈,하락,VIP,GD,Gold,일반,PP,Purple,8,4,1
202605,이탈,하락,VIP,GD,Gold,일반,RD,Red,7,4,1
202605,이탈,하락,VIP,PT,Platinum,일반,RD,Red,2,2,1
202605,이탈,하락,VIP,SV,Silver,VIP,BK,Black,1778,1322,519
202605,이탈,하락,VIP,SV,Silver,일반,PP,Purple,132,72,19
202605,이탈,하락,VIP,SV,Silver,일반,RD,Red,72,21,3
202605,이탈,하락,일반,PP,Purple,일반,RD,Red,13387,7475,1812
